Date,City,State,Lat,Lon,AreaType,School,Fatalities,Wounded,Dupe,Source,Desc,Year
3/27/1990,Brooklyn,New York,40.6781784,-73.9441579,,C,0,1,,Wikp,"A black youth was taunted with racial slurs by three white youths in the stairwell of a public school in the¬†Bensonhurst¬†area of¬†Brooklyn. The 14-year-old was then shot and slightly wounded, because he had acted as peacemaker when the same boys had clashed with another black teen the month before.[240]",1990
5/20/1990,Centerville,Tennessee,35.7789565,-87.4669587,suburban,HS,1,,,Pah,,1990
8/26/1990,Las Vegas,Nevada,36.1699412,-115.1398296,urban,HS,1,,,Pah,,1990
9/11/1990,San Antonio,Texas,29.4241219,-98.4936282,,HS,0,3,,Wikp,"3 students were wounded when gunfire broke out at¬†Sam Houston High School. The incident took place at 11:55¬†a.m. and was gang related. 17-year-old John Campbell was wounded in the right foot, 18-year-old Larry Johnson was wounded in the right thigh and calf, and a 16-year-old received a chest wound. 18-year-old Kenneth Wolford, and two other male students were arrested and charged.[241]",1990
1/8/1991,Richardson,Texas,32.9483335,-96.7298519,urban,HS,0,,,Pah,,1991
2/6/1991,Donna,Texas,26.1702,-98.0522,,HS,1,0,,Wikp,15-year-old Raul Calvo shot himself dead while playing Russian roulette inside a biology classroom at¬†Donna High School.[242],1991
4/23/1991,Compton,California,33.8958492,-118.2200712,urban,MS,1,,TRUE,Pah,,1991
9/18/1991,Crosby,Texas,29.9118885,-95.0621512,rural,HS,1,,TRUE,Pah,,1991
10/8/1991,Bronx,New York,40.8447819,-73.8648268,urban,HS,1,,,Pah,,1991
11/1/1991,Iowa City,Iowa,41.6611277,-91.5301683,urban,C,5,,TRUE,Pah,,1991
11/14/1991,Houston,Texas,29.7604267,-95.3698028,urban,HS,0,,,Pah,,1991
11/25/1991,Brooklyn,New York,40.6781784,-73.9441579,urban,HS,1,,TRUE,Pah,,1991
12/12/1991,Kent,Ohio,41.1537,-81.3579,,C,1,0,,Wikp,"51-year-old custodian, John Frazier, was killed outside a campus auditorium of¬†Kent State University.[249]",1991
1/29/1992,Kent,Ohio,41.1537,-81.3579,,C,0,1,,Wikp,"26-year-old graduate student, Sarah Smith, was wounded in the chest as she was waiting for her husband to pick her up at¬†Kent State University.[250]",1992
2/26/1992,Brooklyn,New York,40.6781784,-73.9441579,urban,HS,2,,TRUE,Pah,,1992
5/1/1992,Olivehurst,California,39.0954484,-121.5521858,suburban,HS,4,,TRUE,Pah,,1992
5/14/1992,Napa,California,38.2975381,-122.286865,urban,MS,0,,,Pah,,1992
9/11/1992,Lincoln,Texas,30.2874348,-96.9633164,urban,HS,0,,,Pah,,1992
10/12/1992,Lincoln,Nebraska,40.8257625,-96.6851982,urban,C,0,,,Pah,,1992
10/12/1992,Tucson,Arizona,32.2217429,-110.926479,urban,HS,1,,,Pah,,1992
10/19/1992,The Bronx,New York,40.815304,-73.80185,,HS,0,3,,Wikp,Two 14-year-old girls and a 16-year-old boy were shot at outside a Bronx high school.[252],1992
11/4/1992,Detroit,Michigan,42.331427,-83.0457538,,HS,0,11,,Wikp,"11 students were hit by gunfire during a four-hour period in three separate school incidents, five were hospitalized. Six students at¬†Finney High School¬†were grazed by buckshot after three ski-masked gunmen opened fire in a crowded hallway. A 14-year-old was in custody for shooting three Foch Middle School students as they passed by the Marcus Garvey Academy. In the third incident, 16-year-old DeWayne Boyd was hit in the chest, when shots were fired at two¬†Mumford High School¬†students.[253]",1992
11/10/1992,Chicago,Illinois,41.8781136,-87.6297982,urban,ES,0,,,Pah,,1992
11/13/1992,Houston,Texas,29.7604267,-95.3698028,urban,HS,1,,,Pah,,1992
11/16/1992,Birmingham,Alabama,33.5206608,-86.80249,urban,HS,1,,,Pah,,1992
11/20/1992,Chicago,Illinois,41.8781136,-87.6297982,urban,HS,1,,,Pah,,1992
11/23/1992,Buffalo,New York,42.8864468,-78.8783689,urban,HS,0,,,Pah,,1992
12/3/1992,Chicago,Illinois,41.8781136,-87.6297982,urban,ES,1,,,Pah,,1992
12/14/1992,Great Barrington,Massachusetts,42.1959798,-73.362008,suburban,C,2,,,Pah,,1992
1/6/1993,Brentwood,New York,40.7812,-73.2462,,HS,0,1,,Wikp,"Brentwood High School. Former student, Matthew Hunter, was shot by two gunmen during a basketball game between Brentwood High School and¬†Sachem High School. The assault was over a dispute about the theft of a gold chain.[255]",1993
1/8/1993,Kinzers,Pennsylvania,39.998466,-76.0615923,rural,HS,1,,,Pah,,1993
1/12/1993,Miami,Florida,25.7616798,-80.1917902,urban,HS,1,,,Pah,,1993
1/18/1993,Grayson,Kentucky,38.3325812,-82.9485023,suburban,HS,2,,TRUE,Pah,,1993
1/21/1993,Los Angeles,California,34.0522342,-118.2436849,urban,HS,1,,,Pah,,1993
2/1/1993,Redmond,Washington,47.6739881,-122.121512,urban,MS,1,,,Pah,,1993
2/1/1993,Amityville,New York,40.6789893,-73.4170673,suburban,HS,1,,,Pah,,1993
2/4/1993,Clayton County,Georgia,33.5571944,-84.375233,urban,HS,1,,,Pah,,1993
2/8/1993,Middle River,Minnesota,48.4341394,-96.1641892,rural,MS,1,,,Pah,,1993
2/8/1993,Washington DC,District of Columbia,38.9071923,-77.0368707,urban,HS,1,,,Pah,,1993
2/18/1993,Dallas,Texas,32.7766642,-96.7969879,urban,HS,1,,,Pah,,1993
2/22/1993,Los Angeles,California,34.0522342,-118.2436849,urban,HS,1,,TRUE,Pah,,1993
2/26/1993,Gloucester,Massachusetts,42.6159285,-70.6619888,suburban,HS,0,,,Pah,,1993
3/18/1993,Harlem,Georgia,33.4145834,-82.3126237,suburban,HS,1,,,Pah,,1993
3/25/1993,St. Louis,Missouri,38.6270025,-90.1994042,urban,HS,1,,,Pah,,1993
4/3/1993,Sacramento,California,38.5815719,-121.4943996,urban,HS,1,,,Pah,,1993
4/14/1993,Irving,Texas,32.8140177,-96.9488945,urban,HS,1,,,Pah,,1993
4/15/1993,Acushnet,Massachusetts,41.7223696,-70.8952337,suburban,MS,1,,TRUE,Pah,,1993
4/16/1993,Sacramento,California,38.5815719,-121.4943996,urban,HS,1,,,Pah,,1993
4/26/1993,Raleigh,North Carolina,35.7795897,-78.6381787,urban,HS,1,,,Pah,,1993
5/14/1993,Irving,Texas,32.8140177,-96.9488945,,HS,1,0,,Wikp,"17-year-old Max Alexander Martinez, killed 17-year-old Jose Balderas, with a .38 caliber revolver in a hallway in¬†Nimitz High School¬†during a dispute over girls.[258][259]",1993
5/24/1993,Red Hill,Pennsylvania,40.3728778,-75.4810131,rural,HS,1,,,Pah,,1993
5/24/1993,Pennsburg,Pennsylvania,40.3909,-75.4921,,HS,1,0,,Wikp,15-year-old student Jason Smith killed another student who had bullied him at¬†Upper Perkiomen High School. He was charged as an adult and sentenced to between twelve and twenty-five years in prison.[235][260],1993
5/27/1993,New Orleans,Louisiana,29.9510658,-90.0715323,urban,HS,1,,,Pah,,1993
7/8/1993,Ogden,Utah,41.223,-111.9738304,urban,C,1,,,Pah,,1993
8/31/1993,Atlanta,Georgia,33.7489954,-84.3879824,urban,HS,1,,,Pah,,1993
9/2/1993,Dallas,Texas,32.7766642,-96.7969879,urban,HS,1,,,Pah,,1993
9/18/1993,Sheridan,Wyoming,44.7971939,-106.9561791,suburban,MS,1,,TRUE,Pah,,1993
10/12/1993,New Castle,Delaware,39.6620397,-75.5668166,suburban,HS,1,,,Pah,,1993
10/14/1993,Detroit,Michigan,42.331427,-83.0457538,urban,HS,1,,,Pah,,1993
11/1/1993,Chicago,Illinois,41.8781136,-87.6297982,urban,HS,1,,,Pah,,1993
11/4/1993,Jacksonville,Florida,30.3321838,-81.655651,urban,HS,1,,,Pah,,1993
11/4/1993,New Britain,Connecticut,41.6612104,-72.7795419,urban,HS,1,,TRUE,Pah,,1993
11/5/1993,Bay Springs,Mississippi,31.9790425,-89.2872843,rural,HS,1,,,Pah,,1993
11/29/1993,Kansas City,Missouri,39.0997265,-94.5785667,urban,HS,1,,,Pah,,1993
12/1/1993,Wauwatosa,Wisconsin,43.0494572,-88.0075875,suburban,HS,1,,TRUE,Pah,,1993
12/8/1993,Savannah,Georgia,32.0835407,-81.0998342,urban,HS,1,,,Pah,,1993
12/17/1993,Chelsea,Michigan,42.3180919,-84.0205029,suburban,HS,1,,,Pah,,1993
1/20/1994,Kennard,Texas,31.3596258,-95.1832721,rural,HS,0,,,Pah,,1994
1/20/1994,Hacienda Heights,California,33.9930677,-117.9686755,urban,HS,1,,,Pah,,1994
1/24/1994,Columbia,South Carolina,34.0007104,-81.0348144,,HS,1,0,,Wikp,"18-year-old Floyd Eugene Brown, shot fellow¬†Eau Claire High School¬†student, 17-year-old Earnest Dunlap, following an argument the week before. Brown was arrested shortly after at his home. A 16-year-old boy was also arrested for kicking Dunlap after the shooting.[266]",1994
1/26/1994,Columbia,South Carolina,34.0007104,-81.0348144,urban,HS,1,,,Pah,,1994
1/31/1994,Seattle,Washington,47.6062095,-122.3320708,urban,MS,1,,TRUE,Pah,,1994
2/8/1994,Detroit,Michigan,42.331427,-83.0457538,urban,HS,1,,,Pah,,1994
2/14/1994,Belmont,California,37.5202145,-122.2758008,suburban,HS,1,,,Pah,,1994
2/18/1994,Spartanburg,South Carolina,34.9498,-81.932,,HS,0,1,,Wikp,"At around 10¬†p.m., 24-year-old Roosevelt Johnson was shot in the leg, after a basketball game at¬†Spartanburg High School.[268]",1994
3/1/1994,Boonville,Missouri,38.9736392,-92.7432418,suburban,C,2,,TRUE,Pah,,1994
3/15/1994,Charleston,South Carolina,32.7764749,-79.9310512,urban,HS,1,,,Pah,,1994
3/22/1994,Riveria Beach,Florida,26.7753405,-80.0580969,urban,MS,0,,,Pah,,1994
3/23/1994,Seattle,Washington,47.6062095,-122.3320708,urban,HS,1,,,Pah,,1994
3/25/1994,Woodstock,Georgia,34.1014873,-84.5193754,suburban,HS,0,,,Pah,,1994
4/12/1994,Butte,Montana,46.0038232,-112.5347775,suburban,ES,1,,TRUE,Pah,,1994
4/13/1994,Los Angeles,California,34.0522342,-118.2436849,urban,ES,0,,,Pah,,1994
4/21/1994,Nashville,Tennessee,36.1626638,-86.7816016,urban,MS,1,,TRUE,Pah,,1994
5/2/1994,North Miami,Florida,25.8900949,-80.1867138,suburban,HS,1,,,Pah,,1994
5/25/1994,Union,Kentucky,38.9458951,-84.680501,suburban,HS,4,,,Pah,,1994
7/25/1994,Ottumwa,Iowa,41.0160293,-92.4083022,suburban,HS,1,,,Pah,,1994
9/7/1994,Hollywood,California,34.0928092,-118.3286614,urban,HS,1,,,Pah,,1994
10/12/1994,Greensboro,North Carolina,36.0726354,-79.7919754,urban,HS,1,,TRUE,Pah,,1994
10/17/1994,Chicago,Illinois,41.8781136,-87.6297982,,HS,0,1,,Wikp,"A 16-year-old female student was shot in the thigh outside¬†Hubbard High School¬†when a teenage boy rode past on a bicycle and fired into a crowd. It is believed the shooting was meant for rival gang members, but the girl was hit instead. The boy lived in the neighborhood.[273]",1994
11/5/1994,San Leandro,California,37.7249296,-122.1560768,urban,ES,1,,,Pah,,1994
11/7/1994,Wickliffe,Ohio,41.6053266,-81.4534492,suburban,MS,1,,TRUE,Pah,,1994
11/15/1994,Tacoma,Washington,47.2528768,-122.4442906,urban,HS,1,,,Pah,,1994
12/14/1994,Albany,New York,42.6512,-73.755,,C,0,1,,Wikp,"Ralph J. Tortorici, 26, a military veteran and psychology major at the¬†State University of New York at Albany¬†held hostage a large lecture hall from 9:10¬†a.m. until 11:30¬†a.m. Tortorici, armed with a .270-caliber rifle with more than two dozen rounds of ammunition and a hunting knife, walked into the ancient history class of Hans Pohlsander, saying, ""Don't worry. Nobody move. You guys are getting held hostage."" The standoff ended when Tortorici had his gun taken away by Jason McEnaney, a 19-year-old student. McEnaney was shot in the leg, groin, and abdomen in the exchange. Tortorici suffered from a well-document history of mental illness, argued during the hostage crisis that the government had implanted a control chip in his head during a procedure at Albany Medical Center, and ultimately committed suicide in 1999 in prison while serving a 15 1/2 year sentence.[275][276][277][278]",1994
1/5/1995,Washington DC,District of Columbia,38.9071923,-77.0368707,urban,HS,1,,,Pah,,1995
1/10/1995,Palm Beach Gardens,Florida,26.8233946,-80.1386547,suburban,HS,0,,,Pah,,1995
1/12/1995,Seattle,Washington,47.6062095,-122.3320708,urban,HS,0,,TRUE,Pah,,1995
1/23/1995,Redlands,California,34.0555693,-117.1825381,urban,MS,1,,,Pah,,1995
1/26/1995,Chapel Hill,North Carolina,35.9131996,-79.0558445,urban,C,2,,,Pah,,1995
2/2/1995,Long Beach,California,33.7700504,-118.1937395,urban,HS,1,,,Pah,,1995
8/29/1995,Laredo,Texas,27.5305671,-99.4803241,urban,MS,1,,,Pah,,1995
9/12/1995,Memphis,Tennessee,35.1495343,-90.0489801,urban,HS,1,,,Pah,,1995
9/14/1995,Olathe,Kansas,38.8813958,-94.8191285,urban,HS,2,,,Pah,,1995
9/29/1995,Tavares,Florida,28.8041579,-81.725632,urban,MS,1,,TRUE,Pah,,1995
10/12/1995,Blackville,South Carolina,33.3579297,-81.2706606,rural,HS,1,,TRUE,Pah,,1995
11/15/1995,Lynnville,Tennessee,35.3767432,-87.0061171,rural,HS,2,,TRUE,Pah,,1995
11/28/1995,queens,New York,40.7282239,-73.7948516,urban,HS,1,,,Pah,,1995
1/19/1996,District of Columbia,District of Columbia,38.9071923,-77.0368707,urban,MS,1,,,Pah,,1996
1/19/1996,Washington,D.C.,38.9071923,-77.0368707,,HS,1,0,,Wikp,"Two masked gunmen killed 14-year-old Damion Blocker in a stairwell at Winston Education Center. 16-year-old shooter, Darrick Evans, was sentenced to 41 years to life in prison.[235]",1996
1/26/1996,memphis,Tennessee,35.1495343,-90.0489801,urban,HS,1,,,Pah,,1996
2/2/1996,Moses Lake,Washington,47.1301417,-119.2780771,suburban,MS,3,,TRUE,Pah,,1996
2/8/1996,Palo Alto,California,37.4418834,-122.1430195,urban,HS,1,,,Pah,,1996
2/29/1996,St. Louis,Missouri,38.6270025,-90.1994042,,HS,1,1,,Wikp,"30-year-old Mark Boyd, hired 23-year-old Malik Nettles, to kill 15-year-old Kyunia Taylor, as she rode on a school bus bound for Beaumont High School. Taylor was pregnant with a child fathered by Boyd, a baby girl was delivered by emergency caesarean section, but died 23 days later. The bus driver was also shot, he survived.[285]",1996
3/11/1996,New London,North Carolina,35.4431965,-80.2192225,rural,HS,1,,,Pah,,1996
4/11/1996,Talledega,Alabama,33.4359416,-86.1058048,suburban,HS,1,,,Pah,,1996
6/4/1996,Hemet,California,33.7475203,-116.9719684,urban,HS,1,,,Pah,,1996
8/15/1996,San Diego,California,32.715738,-117.1610838,urban,C,3,,TRUE,Pah,,1996
8/26/1996,San Antonio,Texas,29.4241219,-98.4936282,urban,C,1,,,Pah,,1996
9/17/1996,State College,Pennsylvania,40.7933949,-77.8600012,urban,C,1,,TRUE,Pah,,1996
9/25/1996,Scottdale,Georgia,33.7898269,-84.2640889,suburban,HS,1,,TRUE,Pah,,1996
10/2/1996,Philadelphia,Pennsylvania,39.9525839,-75.1652215,urban,ES,2,,,Pah,,1996
10/4/1996,Playa del Rey,California,33.9564194,-118.4422317,suburban,HS,1,,,Pah,,1996
10/9/1996,Sherwood,Arkansas,34.8151,-92.2243,,-,1,0,,Wikp,"14-year-old Willis Ward Johnson, killed 20-year-old James Earl Routt, as they rode a school bus.[291]",1996
10/13/1996,St. Louis,Missouri,38.6270025,-90.1994042,urban,HS,1,,,Pah,,1996
10/16/1996,West Lafayette,Indiana,40.4258686,-86.9080655,suburban,C,1,,,Pah,,1996
11/27/1996,Sacramento,California,38.5815719,-121.4943996,urban,HS,1,,,Pah,,1996
1/11/1997,Brooklyn,New York,40.6781784,-73.9441579,urban,HS,1,,,Pah,,1997
1/27/1997,West Palm Beach,Florida,26.7153424,-80.0533746,urban,MS,1,,TRUE,Pah,,1997
1/31/1997,Tulsa,Oklahoma,36.1539816,-95.992775,urban,,1,,,Pah,,1997
2/19/1997,Bethel,Alaska,60.7922222,-161.7558334,suburban,HS,2,,TRUE,Pah,,1997
2/20/1997,Jacksonville,Florida,30.3321838,-81.655651,urban,HS,1,,,Pah,,1997
3/18/1997,Detroit,Michigan,42.331427,-83.0457538,urban,HS,1,,,Pah,,1997
10/1/1997,Pearl,Mississippi,32.2745912,-90.1320311,suburban,HS,3,,TRUE,Pah,,1997
10/14/1997,Garland,Texas,32.912624,-96.6388833,urban,HS,1,,,Pah,,1997
10/15/1997,Palmetto,Florida,27.5214,-82.5723,,MS,0,1,,Wikp,"After an argument between them the day before, 13-year-old Brandon Hartsoe took a .38 revolver from his mother's dresser drawer and shot 13-year-old Lincoln Middle School classmate, Trent Murray, in the back causing serious injury, then continued to fire three more shots in the general area of other students.[297]¬†Hartsoe was sentenced in 1998 to serve until his 18th birthday. His probation was set to end in October 2009.[298]",1997
10/22/1997,Norwalk,California,33.9022367,-118.081733,urban,HS,2,,,Pah,,1997
11/13/1997,Sacramento,California,38.5815719,-121.4943996,urban,ES,1,,,Pah,,1997
12/1/1997,West Paducah,Kentucky,37.0831102,-88.7442202,suburban,HS,3,,TRUE,Pah,,1997
12/15/1997,Stamps,Arkansas,33.3654024,-93.4951758,rural,HS,2,,TRUE,Pah,,1997
2/25/1998,Reed City,Michigan,43.8750174,-85.5100498,rural,HS,1,,,Pah,,1998
3/1/1998,Philadelphia,Pennsylvania,39.9525839,-75.1652215,,C,1,3,,Wikp,"At around 4:15¬†p.m., gunfire broke out as a crowd streamed from the¬†Palestra¬†after a high school championship basketball game near the¬†University of Pennsylvania. A 22-year-old man was shot in the back and killed, and a student working at the fine arts building was shot in the leg.[300]",1998
3/24/1998,Jonesboro,Arkansas,35.8422967,-90.704279,urban,MS,5,,,Pah,,1998
3/24/1998,Craighead County,Arkansas,35.9572012,-94.4159616,,MS,5,10,,Wikp,"Westside Middle School shootings: 13-year-old¬†Mitchell Johnson, and 11-year-old¬†Andrew Golden, killed a teacher and four students, and wounded ten others, as Westside Middle School emptied during a fire alarm intentionally set off by Golden.[301][302]",1998
3/25/1998,Coldwater,Michigan,41.9403263,-85.0005215,suburban,HS,1,,,Pah,,1998
3/30/1998,Chapel Hill,North Carolina,35.9131996,-79.0558445,urban,MS,0,,,Pah,,1998
4/24/1998,Edinboro,Pennsylvania,41.8742225,-80.1317236,suburban,HS,1,,TRUE,Pah,,1998
4/28/1998,Pomona,California,34.055103,-117.7499909,urban,ES,2,,,Pah,,1998
5/1/1998,Buffalo,New York,42.8864468,-78.8783689,urban,ES,1,,,Pah,,1998
5/19/1998,Fayetteville,Tennessee,35.1520266,-86.5705508,suburban,HS,1,,TRUE,Pah,,1998
5/21/1998,Springfield,Oregon,44.0462362,-123.0220289,urban,HS,4,,TRUE,Pah,,1998
5/21/1998,Springfield,Oregon,44.0462362,-123.0220289,,HS,4,23,,Wikp,"Thurston High School shooting: After killing his parents at home, 15-year-old¬†Kip Kinkel, drove to¬†Thurston High School, where he killed two students and wounded 23 others.[302]¬†After pleading guilty, he was sentenced to 111 years of prison.[306]",1998
5/27/1998,Pasadena,California,34.1477849,-118.1445155,urban,MS,0,,,Pah,,1998
5/29/1998,Fort Lauderdale,Florida,26.1224386,-80.1373174,urban,HS,2,,,Pah,,1998
6/15/1998,Richmond,Virginia,37.5407246,-77.4360481,urban,HS,0,,TRUE,Pah,,1998
9/4/1998,San Bernardino,California,34.1083449,-117.2897652,urban,C,2,,,Pah,,1998
9/12/1998,Glendale,California,34.1425078,-118.255075,urban,HS,0,,,Pah,,1998
12/10/1998,Detroit,Michigan,42.331427,-83.0457538,urban,C,1,,TRUE,Pah,,1998
1/8/1999,Carollton,Georgia,33.5801103,-85.0766113,suburban,HS,2,,TRUE,Pah,,1999
1/21/1999,North Richland Hills,Texas,32.8342952,-97.2289029,urban,HS,1,,,Pah,,1999
2/11/1999,Elgin,Illinois,42.0354084,-88.2825668,urban,HS,0,,,Pah,,1999
4/16/1999,Notus,Idaho,43.7254385,-116.8012557,rural,HS,0,,TRUE,Pah,,1999
4/20/1999,Littleton,Colorado,39.613321,-105.0166498,suburban,HS,15,,TRUE,Pah,,1999
4/23/1999,Atlanta,Georgia,33.7489954,-84.3879824,urban,MS,1,,,Pah,,1999
5/20/1999,Conyers,Georgia,33.6676103,-84.0176904,suburban,HS,0,,TRUE,Pah,,1999
8/25/1999,Monticello,Georgia,33.3048479,-83.6832289,suburban,HS,1,,,Pah,,1999
9/7/1999,Plano,Texas,33.0198431,-96.6988856,urban,HS,1,,,Pah,,1999
9/9/1999,San Jose,California,37.3382082,-121.8863286,urban,HS,1,,,Pah,,1999
11/19/1999,Deming,New Mexico,32.2686981,-107.7586404,suburban,MS,0,,TRUE,Pah,,1999
12/6/1999,Fort Gibson,Oklahoma,35.7975986,-95.2505173,suburban,MS,0,,TRUE,Pah,,1999
1/19/2000,New Port Richey,Florida,28.2441768,-82.7192671,suburban,HS,0,,,Pah,,2000
2/29/2000,Flint,Michigan,43.0125274,-83.6874562,urban,ES,1,,TRUE,Pah,,2000
5/10/2000,Sierra Vista,Arizona,31.5455001,-110.2772856,urban,ES,2,,,Pah,,2000
5/26/2000,Lake Worth,Florida,26.6167555,-80.0684479,suburban,MS,1,,TRUE,Pah,,2000
6/28/2000,Seattle,Washington,47.6062095,-122.3320708,urban,C,2,,,Pah,,2000
7/26/2000,Canton,Ohio,40.7989473,-81.378447,urban,HS,1,,,Pah,,2000
8/28/2000,Fayetteville,Arkansas,36.082156,-94.1718542,urban,C,2,,TRUE,Pah,,2000
9/5/2000,Bidwell,Ohio,38.9186892,-82.2990401,suburban,ES,2,,,Pah,,2000
9/26/2000,New Orleans,Louisiana,29.9510658,-90.0715323,urban,MS,0,,TRUE,Pah,,2000
10/23/2000,Los Angeles,California,34.0522342,-118.2436849,urban,C,1,,,Pah,,2000
10/26/2000,Brooklyn,New York,40.6781784,-73.9441579,urban,HS,1,,,Pah,,2000
10/27/2000,Memphis,Tennessee,35.1495343,-90.0489801,urban,HS,1,,,Pah,,2000
12/1/2000,Granada Hills,California,34.2793576,-118.5021527,urban,HS,0,,TRUE,Pah,,2000
1/10/2001,Oxnard,California,34.1975048,-119.1770516,urban,HS,1,,,Pah,,2001
1/17/2001,Baltimore,Maryland,39.2903848,-76.6121893,urban,HS,1,,,Pah,,2001
1/29/2001,Arlington,Texas,32.735687,-97.1080656,urban,MS,1,,,Pah,,2001
3/2/2001,San Diego,California,32.715738,-117.1610838,urban,HS,0,,,Pah,,2001
3/5/2001,Santee,California,32.8383828,-116.9739167,urban,HS,2,,TRUE,Pah,,2001
3/7/2001,Williamsport,Pennsylvania,41.2411897,-77.0010786,urban,HS,0,,TRUE,Pah,,2001
3/22/2001,El Cajon,California,32.7947731,-116.9625269,urban,HS,0,,TRUE,Pah,,2001
3/30/2001,Gary,Indiana,41.5933696,-87.3464271,urban,HS,1,,TRUE,Pah,,2001
4/3/2001,Klein,Texas,30.0477196,-95.5324411,urban,MS,0,,,Pah,,2001
4/25/2001,Cleveland,Ohio,41.49932,-81.6943605,urban,HS,1,,,Pah,,2001
5/15/2001,Ennis,Texas,32.3293111,-96.6252679,suburban,HS,0,,,Pah,,2001
5/16/2001,Parkland,Washington,47.1558,-122.437,,C,2,0,,Wikp,40-year-old music instructor and organist James D. Holloway was shot multiple times with a .22-caliber handgun at¬†Pacific Lutheran University¬†by a 55-year-old man from¬†Tacoma. The shooter was not a student or employee of the university and also killed himself. The victim was apparently chosen at random as the shooter had a personal dispute with a different staff member who was not on campus that day.[323],2001
5/17/2001,Pierce County,Washington,47.0675877,-122.1295269,urban,C,1,,,Pah,,2001
10/12/2001,Taylorsville,Utah,40.6677248,-111.9388258,urban,HS,0,,,Pah,,2001
11/12/2001,Caro,Michigan,43.4911322,-83.396897,suburban,HS,0,,,Pah,,2001
1/15/2002,New York City,New York,40.7127753,-74.0059728,urban,HS,0,,TRUE,Pah,,2002
1/16/2002,Gundy,Virginia,37.2778886,-82.0990223,rural,C,3,,TRUE,Pah,,2002
2/20/2002,Milwaukee,Wisconsin,43.0115,-87.9735,,HS,1,0,,Wikp,"16-year-old¬†Washington High School¬†student, Joseph Johnson Jr., was killed by Phillip D. Jackson Jr., when violence erupts between rival fans in the parking lot, after a basketball game between¬†Vincent High School.[329]",2002
6/11/2002,Conception,Missouri,40.2428,-94.6869,,-,3,2,,Wikp,"71-year-old Lloyd Robert Jeffress opened fire at random in the halls of¬†Conception Abbey, a monastery in northwest¬†Missouri.",2002
7/26/2002,Charlotte,North Carolina,35.2270869,-80.8431267,urban,MS,1,,,Pah,,2002
10/4/2002,San Antonio,Texas,29.4241219,-98.4936282,urban,MS,1,,,Pah,,2002
10/7/2002,Bowie,Maryland,39.0067768,-76.7791365,urban,MS,0,,TRUE,Pah,,2002
10/28/2002,Tucson,Arizona,32.2217429,-110.926479,urban,C,4,,TRUE,Pah,,2002
10/29/2002,Jersey City,New Jersey,40.7282,-74.0776,,HS,0,1,,Wikp,"A 15-year-old student was shot in the abdomen and wounded inside a basement of¬†Lincoln High School, during an argument with another student. Another 15-year-old student was arrested and charged with attempted murder.[334]",2002
11/7/2002,Liberty,Missouri,39.2461138,-94.4191177,suburban,ES,1,,,Pah,,2002
12/16/2002,Chicago,Illinois,41.8781136,-87.6297982,urban,HS,1,,,Pah,,2002
3/23/2003,Meridian,Mississippi,32.3643098,-88.703656,suburban,HS,0,,,Pah,,2003
4/10/2003,Walnut,California,34.0202894,-117.8653386,suburban,HS,0,,,Pah,,2003
4/14/2003,New Orleans,Louisiana,29.9510658,-90.0715323,urban,HS,1,,TRUE,Pah,,2003
4/17/2003,Addison,Texas,32.96179,-96.8291685,suburban,ES,1,,,Pah,,2003
4/24/2003,Red Lion,Pennsylvania,39.9009334,-76.6058001,suburban,MS,1,,TRUE,Pah,,2003
5/9/2003,Cleveland,Ohio,41.49932,-81.6943605,urban,C,1,,TRUE,Pah,,2003
5/13/2003,Johnstown,Pennsylvania,40.3267407,-78.9219698,urban,HS,1,,,Pah,,2003
6/4/2003,Wellsboro,Pennsylvania,41.7486838,-77.3005304,suburban,MS,0,,,Pah,,2003
7/15/2003,Dallas,Texas,32.7766642,-96.7969879,urban,HS,0,,,Pah,,2003
9/24/2003,Cold Spring,Minnesota,45.4536111,-94.4277778,suburban,HS,2,,TRUE,Pah,,2003
10/30/2003,Washington,District Of Columbia,38.9071923,-77.0368707,urban,HS,1,,,Pah,,2003
11/7/2003,Sugar Land,Texas,29.6196787,-95.6349463,urban,HS,1,,,Pah,,2003
1/21/2004,Henderson,Nevada,36.0395247,-114.9817213,urban,ES,1,,,Pah,,2004
2/2/2004,District of Columbia,District Of Columbia,38.9071923,-77.0368707,urban,HS,1,,,Pah,,2004
2/2/2004,Washington,D.C.,38.9071923,-77.0368707,,HS,1,0,,Wikp,"Thomas J. Boykin was acquitted of the murder of 17-year-old James Richardson, a football player at Ballou High School in Southeast Washington.[342]",2004
2/9/2004,East Greenbush,New York,42.5909135,-73.7017858,suburban,HS,0,,TRUE,Pah,,2004
2/11/2004,Philadelphia,Pennsylvania,39.9525839,-75.1652215,urban,ES,1,,,Pah,,2004
3/17/2004,Joyce,Washington,48.1361486,-123.7344094,rural,MS,0,,,Pah,,2004
5/7/2004,Randallstown,Maryland,39.3673278,-76.7952525,suburban,HS,0,,TRUE,Pah,,2004
5/24/2004,Salt Lake City,Utah,40.7607793,-111.8910474,urban,HS,1,,,Pah,,2004
6/1/2004,St Croix,Virgin Islands,17.7245968,-64.8347992,urban,HS,1,,,Pah,,2004
8/30/2004,Maywood,Illinois,41.8791979,-87.8431155,suburban,HS,1,,,Pah,,2004
10/4/2004,Memphis,Tennessee,35.1495343,-90.0489801,urban,HS,0,,,Pah,,2004
11/22/2004,Philadelphia,Pennsylvania,39.9525839,-75.1652215,urban,HS,1,,,Pah,,2004
12/10/2004,Nine Mile Falls,Washington,47.7795103,-117.5515185,suburban,HS,1,,,Pah,,2004
1/6/2005,Philadelphia,Pennsylvania,39.9525839,-75.1652215,urban,HS,1,,,Pah,,2005
2/8/2005,Chicago,Illinois,41.8781136,-87.6297982,,HS,0,1,,Wikp,An 18-year-old student at¬†Bowen High School¬†was shot in the leg as she left the school around 2:30¬†p.m.[345],2005
3/2/2005,Dover,Tennessee,36.4878,-87.8384,,HS,1,0,,Wikp,"14-year-old Jason Clinard, killed his bus driver, 47-year-old Joyce Gregory, as she stopped to pick him up. Gregory had earlier reported Clinard for using snuff on the school bus. Clinard was given a life sentence.[346]",2005
3/21/2005,Red Lake,Minnesota,47.876346,-95.0169401,rural,HS,10,,TRUE,Pah,,2005
5/17/2005,Lower Allen Township,Pennsylvania,40.2112939,-76.9354979,suburban,ES,1,,,Pah,,2005
9/13/2005,Chicago,Illinois,41.8781136,-87.6297982,urban,HS,0,,TRUE,Pah,,2005
11/8/2005,Jacksboro,Tennessee,36.3300793,-84.1838156,rural,HS,1,,TRUE,Pah,,2005
1/13/2006,Birmingham,Alabama,33.5206608,-86.80249,urban,HS,1,,,Pah,,2006
1/15/2006,Longwood,Florida,28.7030519,-81.3384011,suburban,MS,1,,TRUE,Pah,,2006
2/23/2006,Roseburg,Oregon,43.216505,-123.3417381,suburban,HS,1,,TRUE,Pah,,2006
3/14/2006,Reno,Nevada,39.5296329,-119.8138027,urban,MS,0,,TRUE,Pah,,2006
6/5/2006,Venice,California,33.9850469,-118.4694832,suburban,HS,1,,,Pah,,2006
8/24/2006,Essex,Vermont,44.4905054,-73.1112433,suburban,ES,2,,TRUE,Pah,,2006
8/30/2006,Hillsborough,North Carolina,36.0754183,-79.0997347,suburban,HS,3,,TRUE,Pah,,2006
9/2/2006,Shepherdstown,West Virginia,39.4300996,-77.8041609,suburban,C,2,,TRUE,Pah,,2006
9/17/2006,Pittsburgh,Pennsylvania,40.4406248,-79.9958864,urban,C,0,,TRUE,Pah,,2006
9/27/2006,Bailey,Colorado,39.4060536,-105.4786412,suburban,HS,1,,TRUE,Pah,,2006
9/29/2006,Cazenovia,Wisconsin,43.5230345,-90.1962379,rural,HS,1,,TRUE,Pah,,2006
10/2/2006,Nickel Mines,Pennsylvania,39.9592143,-76.0804172,rural,HS,5,,,Pah,,2006
10/9/2006,Joplin,Missouri,37.0842271,-94.513281,urban,MS,0,,TRUE,Pah,,2006
10/17/2006,Katy,Texas,29.7857853,-95.8243956,suburban,HS,1,,,Pah,,2006
10/29/2006,Fresno,California,36.7468422,-119.7725868,urban,ES,1,,,Pah,,2006
11/28/2006,Houston,Texas,29.7604267,-95.3698028,urban,HS,1,,,Pah,,2006
12/12/2006,Erdenheim,Pennsylvania,40.0909252,-75.2156845,rural,MS,1,,,Pah,,2006
1/3/2007,Tacoma,Washington,47.2528768,-122.4442906,urban,HS,1,,TRUE,Pah,,2007
2/8/2007,Prineville,Oregon,44.2998485,-120.8344664,suburban,HS,1,,,Pah,,2007
3/7/2007,Midland,Michigan,43.6155825,-84.2472116,urban,HS,0,,,Pah,,2007
3/7/2007,Greenville,Texas,33.1384488,-96.1108066,suburban,HS,0,,,Pah,,2007
3/7/2007,Compton,California,33.8958492,-118.2200712,,HS,0,1,,Wikp,"During an argument with several non-students and students, a student was shot in the elbow and wounded in the eating area at¬†Centennial High School. The shooting occurred an hour after classes were dismissed, and students in after-school activities were sent home.[368]",2007
3/24/2007,Greensboro,North Carolina,36.0726354,-79.7919754,urban,C,0,,,Pah,,2007
4/2/2007,Seattle,Washington,47.6062095,-122.3320708,urban,C,1,,,Pah,,2007
4/10/2007,Gresham,Oregon,45.5059203,-122.4486119,urban,HS,0,,,Pah,,2007
4/16/2007,Blacksburg,Virginia,37.2295733,-80.4139393,urban,C,32,,TRUE,Pah,,2007
9/21/2007,Dover,Delaware,39.158168,-75.5243682,urban,C,1,,,Pah,,2007
9/28/2007,Oroville,California,39.5137752,-121.556359,suburban,HS,0,,,Pah,,2007
9/30/2007,Memphis,Tennessee,35.1495343,-90.0489801,urban,C,1,,,Pah,,2007
10/10/2007,Cleveland,Ohio,41.49932,-81.6943605,urban,HS,0,,TRUE,Pah,,2007
11/6/2007,Miami Gardens,Florida,25.9420377,-80.2456045,,HS,0,1,,Wikp,"43-year-old 11th grade algebra teacher, Sergio Miranda, was shot by 19-year-old Patrick Lively, outside¬†Miami Carol City Senior High School¬†during a robbery but was expected to survive.[370][371]¬†In 2011, Lively received a life sentence.[372]",2007
1/15/2008,Putnam City,Oklahoma,35.521446,-97.608652,suburban,HS,0,,,Pah,,2008
1/16/2008,Cleveland,Ohio,41.49932,-81.6943605,urban,HS,0,,,Pah,,2008
1/16/2008,Charlotte,North Carolina,35.2270869,-80.8431267,urban,HS,0,,,Pah,,2008
2/4/2008,Memphis,Tennessee,35.1495343,-90.0489801,urban,HS,0,,TRUE,Pah,,2008
2/7/2008,Portsmouth,Ohio,38.7317431,-82.9976742,suburban,ES,0,,,Pah,,2008
2/8/2008,Baton Rouge,Louisiana,30.4582829,-91.1403196,urban,C,3,,TRUE,Pah,,2008
2/11/2008,Memphis,Tennessee,35.1495343,-90.0489801,urban,HS,0,,TRUE,Pah,,2008
2/12/2008,Oxnard,California,34.1975048,-119.1770516,urban,MS,1,,TRUE,Pah,,2008
2/14/2008,DeKalb,Illinois,41.9294736,-88.7503647,urban,C,5,,TRUE,Pah,,2008
2/23/2008,Jonesboro,Arkansas,35.8422967,-90.704279,urban,C,0,,,Pah,,2008
2/27/2008,Little Rock,Arkansas,34.7464809,-92.2895948,urban,C,0,,,Pah,,2008
2/28/2008,Miami Gardens,Florida,25.9420377,-80.2456045,urban,HS,0,,,Pah,,2008
3/6/2008,Mobile,Alabama,30.6953657,-88.0398912,urban,HS,1,,,Pah,,2008
3/7/2008,Chicago,Illinois,41.8781136,-87.6297982,urban,HS,1,,,Pah,,2008
4/5/2008,Chicago,Illinois,41.8781136,-87.6297982,urban,HS,1,,,Pah,,2008
4/16/2008,Fresno,California,36.7468422,-119.7725868,urban,HS,1,,,Pah,,2008
4/24/2008,Omaha,Nebraska,41.2523634,-95.9979883,urban,MS,0,,,Pah,,2008
4/29/2008,Washington,District of Columbia,38.9071923,-77.0368707,urban,C,0,,,Pah,,2008
7/24/2008,Phoenix,Arizona,33.4483771,-112.0740373,urban,C,0,,,Pah,,2008
8/14/2008,Federal Way,Washington,47.3223221,-122.3126222,urban,MS,1,,TRUE,Pah,,2008
8/21/2008,Knoxville,Tennessee,35.9606384,-83.9207392,urban,HS,1,,TRUE,Pah,,2008
8/29/2008,Portland,Oregon,45.5230622,-122.6764815,urban,HS,0,,,Pah,,2008
9/2/2008,Willoughby,Ohio,41.6397696,-81.4065011,suburban,HS,0,,TRUE,Pah,,2008
10/13/2008,San Antonio,Texas,29.4241219,-98.4936282,urban,C,1,,,Pah,,2008
10/16/2008,Detroit,Michigan,42.331427,-83.0457538,urban,HS,1,,TRUE,Pah,,2008
10/20/2008,Acton,California,34.469994,-118.1967418,suburban,HS,1,,,Pah,,2008
10/21/2008,Indianapolis,Indiana,39.768403,-86.158068,urban,HS,1,,,Pah,,2008
10/26/2008,Conway,Arkansas,35.0886963,-92.4421011,urban,C,2,,TRUE,Pah,,2008
10/31/2008,Stockton Springs,Maine,44.4895196,-68.8569762,rural,ES,0,,,Pah,,2008
11/12/2008,Fort Lauderdale,Florida,26.1224386,-80.1373174,urban,HS,1,,TRUE,Pah,,2008
11/15/2008,St. George,Utah,37.0965278,-113.5684164,urban,HS,1,,,Pah,,2008
11/21/2008,Savannah,Georgia,32.0835407,-81.0998342,urban,C,0,,,Pah,,2008
1/8/2009,New Castle,Delaware,39.6620397,-75.5668166,suburban,HS,0,,,Pah,,2009
1/9/2009,Chicago,Illinois,41.8781136,-87.6297982,urban,HS,0,,TRUE,Pah,,2009
1/23/2009,Cahokia,Illinois,38.5708849,-90.1901113,suburban,HS,1,,,Pah,,2009
2/7/2009,Houston,Texas,29.7604267,-95.3698028,urban,C,1,,,Pah,,2009
2/11/2009,El Monte,California,34.0686206,-118.0275667,urban,ES,0,,,Pah,,2009
2/17/2009,Detroit,Michigan,42.331427,-83.0457538,urban,HS,0,,,Pah,,2009
3/6/2009,Fayetteville,North Carolina,35.0526641,-78.8783585,urban,HS,0,,,Pah,,2009
3/10/2009,Jacksonville,Florida,30.3321838,-81.655651,urban,HS,2,,,Pah,,2009
4/10/2009,Dearborn,Michigan,42.3222599,-83.1763145,urban,C,1,,,Pah,,2009
4/24/2009,Houston,Texas,29.7604267,-95.3698028,urban,C,1,,,Pah,,2009
4/26/2009,Hampton,Virginia,37.0298687,-76.3452218,urban,C,0,,TRUE,Pah,,2009
5/1/2009,Sheboygan,Wisconsin,43.7508284,-87.71453,urban,HS,0,,,Pah,,2009
5/5/2009,Canandaigua,New York,42.887535,-77.2816984,suburban,HS,0,,,Pah,,2009
5/18/2009,Larose,Louisiana,29.572438,-90.3817483,suburban,MS,0,,,Pah,,2009
5/18/2009,Cambridge,Massachusetts,42.3736158,-71.1097335,urban,C,1,,TRUE,Pah,,2009
5/18/2009,Larose,Louisiana,29.572438,-90.3817483,,MS,1,0,,Wikp,"15-year-old Larose-Cut Off Middle School student, Justin Doucet, carried his backpack to a restroom, where he put on camouflage clothes, took out a semi-automatic handgun before storming into a classroom. He was going to shoot his school teacher, Jessica Plaisance, but the gun did not fire. He returned to the restroom and shot himself in the head, dying a week later of his wounds.[385][386]",2009
6/9/2009,Lexington,Kentucky,38.0405837,-84.5037164,urban,MS,1,,,Pah,,2009
6/16/2009,San Francisco,California,37.7749295,-122.4194155,urban,HS,0,,TRUE,Pah,,2009
6/24/2009,Parkersburg,Iowa,42.5774797,-92.7868634,rural,HS,1,,,Pah,,2009
9/2/2009,San Bruno,California,37.6304904,-122.4110835,suburban,C,0,,,Pah,,2009
9/3/2009,Atlanta,Georgia,33.7489954,-84.3879824,urban,C,1,,,Pah,,2009
9/3/2009,San Bruno,California,37.6304904,-122.4110835,,C,0,1,,Wikp,"A 20-year-old student was wounded in the parking lot of¬†Skyline College¬†after an argument between him and other men. The college campus was placed on lockdown. Three¬†San Francisco¬†residents, 18-year-old Germaine B. Benjamin, 20-year-old Dimaryea J. McGhee, and 18-year-old Jacori W. Bender, were each arrested and charged with felony firearm offenses.[388]",2009
9/8/2009,Stamford,Connecticut,41.0534302,-73.5387341,urban,HS,0,,,Pah,,2009
9/14/2009,Grand Rapids,Michigan,42.9633599,-85.6680863,urban,HS,0,,,Pah,,2009
9/16/2009,Henrico,Virginia,37.5059332,-77.3324425,urban,HS,0,,,Pah,,2009
10/16/2009,Carolina Forest,South Carolina,33.7532424,-78.9175088,suburban,HS,1,,,Pah,,2009
10/16/2009,Conway,South Carolina,33.836,-79.0478,,HS,1,0,,Wikp,"16-year-old student, Trevor Varinecz was killed by a school resource officer after allegedly stabbing the officer.[220][389]",2009
10/30/2009,Long Beach,California,33.7700504,-118.1937395,urban,HS,1,,,Pah,,2009
11/16/2009,Dallas,Texas,32.7766642,-96.7969879,urban,ES,0,,,Pah,,2009
12/2/2009,Brockton,Massachusetts,42.0834335,-71.0183787,urban,HS,0,,,Pah,,2009
12/8/2009,Woodbridge,Virginia,38.6581722,-77.2497049,urban,C,0,,,Pah,,2009
12/11/2009,Shreveport,Louisiana,32.5251516,-93.7501789,urban,HS,0,,,Pah,,2009
1/7/2010,Phoenix,Arizona,33.4483771,-112.0740373,urban,HS,0,,,Pah,,2010
1/20/2010,Livingston,Alabama,32.5843025,-88.1872475,suburban,HS,1,,,Pah,,2010
2/5/2010,Madison,Alabama,34.6992579,-86.7483318,suburban,MS,1,,TRUE,Pah,,2010
2/10/2010,Knoxville,Tennessee,35.9606384,-83.9207392,urban,ES,0,,,Pah,,2010
2/12/2010,Huntsville,Alabama,34.7303688,-86.5861037,urban,C,3,,TRUE,Pah,,2010
2/19/2010,DeKalb,Illinois,41.9294736,-88.7503647,urban,C,0,,TRUE,Pah,,2010
2/23/2010,Littleton,Colorado,39.613321,-105.0166498,suburban,MS,0,,TRUE,Pah,,2010
2/26/2010,Tacoma,Washington,47.2528768,-122.4442906,urban,ES,2,,,Pah,,2010
3/9/2010,Columbus,Ohio,39.9611755,-82.9987942,urban,C,1,,TRUE,Pah,,2010
4/29/2010,Portsmouth,Virginia,36.8354258,-76.2982742,urban,HS,0,,,Pah,,2010
5/18/2010,South Gate,California,33.954737,-118.2120161,urban,HS,0,,,Pah,,2010
8/31/2010,Blountville,Tennessee,36.5331586,-82.326806,suburban,HS,1,,,Pah,,2010
9/7/2010,Detroit,Michigan,42.331427,-83.0457538,urban,HS,0,,,Pah,,2010
9/8/2010,Detroit,Michigan,42.331427,-83.0457538,,HS,0,2,,Wikp,"Two students were wounded in front of¬†Mumford High School¬†by 17-year-old Steven Jamal Hare. He was tried as an adult and charged with assault with intent to kill. In 2012, Hare was sentenced to 27 years in prison.[394]",2010
9/16/2010,Moss Bluff,Louisiana,30.3027042,-93.1907097,suburban,MS,1,,,Pah,,2010
9/21/2010,Columbia,South Carolina,34.0007104,-81.0348144,urban,HS,0,,,Pah,,2010
9/28/2010,Austin,Texas,30.267153,-97.7430608,urban,C,1,,TRUE,Pah,,2010
10/1/2010,Salinas,California,36.6777372,-121.6555013,urban,HS,1,,TRUE,Pah,,2010
10/3/2010,Elizabeth City,North Carolina,36.2946008,-76.2510461,suburban,C,1,,,Pah,,2010
10/8/2010,Carlsbad,California,33.1580933,-117.3505939,urban,ES,0,,TRUE,Pah,,2010
10/25/2010,Selma,Alabama,32.4073589,-87.0211007,suburban,ES,0,,,Pah,,2010
11/29/2010,Marinette,Wisconsin,45.0999849,-87.6306623,suburban,HS,0,,TRUE,Pah,,2010
12/6/2010,Aurora,Colorado,39.7294,-104.8319,,HS,0,1,,Wikp,"In a gang-related attack outside¬†Aurora Central High School, a 17-year-old girl was paralysed. She was one of a group of students outside the school. 20-year-old Luis Enrique Guzman-Rincon, had fired shots from a car trying to hit gang rivals. Guzman-Ricon was sentenced to thirty-five years in prison.[399]",2010
1/5/2011,Omaha,Nebraska,41.2523634,-95.9979883,urban,HS,1,,TRUE,Pah,,2011
1/18/2011,Los Angeles,California,34.0522342,-118.2436849,urban,HS,0,,,Pah,,2011
2/2/2011,Placerville,California,38.7296252,-120.798546,suburban,ES,1,,,Pah,,2011
2/14/2011,Murfreesboro,Tennessee,35.8456213,-86.39027,urban,C,0,,,Pah,,2011
2/23/2011,Los Angeles,California,34.0522342,-118.2436849,urban,C,1,,,Pah,,2011
3/25/2011,Martinsville,Indiana,39.4278253,-86.4283279,suburban,MS,0,,TRUE,Pah,,2011
3/31/2011,Houston,Texas,29.7604267,-95.3698028,urban,HS,1,,TRUE,Pah,,2011
4/6/2011,Opelika,Alabama,32.6454116,-85.3782795,suburban,C,1,,,Pah,,2011
4/13/2011,Apopka,Florida,28.6934076,-81.5322149,suburban,HS,0,,,Pah,,2011
4/19/2011,Houston,Texas,29.7604267,-95.3698028,urban,ES,0,,,Pah,,2011
5/23/2011,Pearl City,Hawaii,21.3972222,-157.9733333,suburban,MS,0,,TRUE,Pah,,2011
8/26/2011,Harper Woods,Michigan,42.4330924,-82.9240833,suburban,HS,0,,,Pah,,2011
10/24/2011,Fayetteville,North Carolina,35.0526641,-78.8783585,urban,HS,0,,TRUE,Pah,,2011
11/15/2011,Berkeley,California,37.8715926,-122.272747,urban,C,0,,,Pah,,2011
12/8/2011,Blacksburg,Virginia,37.2295733,-80.4139393,urban,C,1,,TRUE,Pah,,2011
12/9/2011,Edinburg,Texas,26.3017374,-98.1633432,urban,MS,0,,TRUE,Pah,,2011
1/4/2012,Brownsville,Texas,25.9017472,-97.4974838,urban,MS,0,,,Pah,,2012
1/10/2012,Houston,Texas,29.7604267,-95.3698028,urban,HS,0,,TRUE,Pah,,2012
2/10/2012,Walpole,New Hampshire,43.0794944,-72.4258229,suburban,ES,0,,,Pah,,2012
2/22/2012,Bremerton,Washington,47.5650067,-122.6269768,urban,ES,0,,,Pah,,2012
2/27/2012,Chardon,Ohio,41.5786639,-81.2133262,suburban,HS,3,,TRUE,Pah,,2012
3/6/2012,Jacksonville,Florida,30.3321838,-81.655651,urban,HS,1,,TRUE,Pah,,2012
3/24/2012,Starkville,Mississippi,33.4503998,-88.8183872,suburban,C,1,,,Pah,,2012
4/2/2012,Oakland,California,37.8043637,-122.2711137,urban,C,7,,TRUE,Pah,,2012
5/26/2012,Chapel Hill,North Carolina,35.9131996,-79.0558445,urban,ES,1,,,Pah,,2012
8/16/2012,Memphis,Tennessee,35.1495343,-90.0489801,urban,HS,0,,TRUE,Pah,,2012
8/27/2012,Perry Hall,Maryland,39.4126073,-76.463574,suburban,HS,0,,TRUE,Pah,,2012
9/7/2012,Normal,Illinois,40.5142026,-88.9906312,urban,HS,0,,TRUE,Pah,,2012
9/12/2012,Baltimore,Maryland,39.2903848,-76.6121893,urban,C,0,,,Pah,,2012
10/6/2012,Mobile,Alabama,30.6953657,-88.0398912,,C,1,0,,Wikp,"A¬†University of South Alabama¬†student, Gil Collar, was fatally shot by a campus police officer. Collar, 18, was at the time under the influence of a¬†hallucinogenic,¬†25I-NBOMe. Acting erratically, he had repeatedly approached the police officer ""in a fighting stance"", while naked and unarmed. Officer Trevis Austin, equipped with pepper spray and a baton, felt his life was threatened and shot him, once through the chest.[416]¬†Austin was cleared of any wrongdoing by the university.[417]",2012
10/19/2012,Chicago,Illinois,41.8781136,-87.6297982,,HS,1,0,,Wikp,"18-year-old Banner Academy South student, Terrance Wright, was killed during an attempted robbery. Wright was approached by five would-be robbers as he left the school about 3:40¬†p.m.. He was shot in the chest as he fought back when one assailant was going through his pockets. Wright had been picked on at his previous high school because he was gay, which led him to transfer to Banner.[418]",2012
10/31/2012,Los Angeles,California,34.0522342,-118.2436849,urban,C,0,,TRUE,Pah,,2012
11/30/2012,Baltimore,Maryland,39.2903848,-76.6121893,urban,C,0,,,Pah,,2012
12/14/2012,Newtown,Connecticut,41.4141172,-73.3035651,suburban,ES,27,,TRUE,Pah,,2012
1/7/2013,Fort Myers,Florida,26.640628,-81.8723084,urban,ES,1,,TRUE,Pah,,2013
1/10/2013,Taft,California,35.1424671,-119.4565078,suburban,HS,0,,TRUE,Pah,,2013
1/12/2013,Detroit,Michigan,42.331427,-83.0457538,,HS,0,1,,Wikp,A 16-year-old¬†Osborn High School¬†student is wounded after a basketball game.[424],2013
1/15/2013,Hazard,Kentucky,37.24954,-83.1932284,suburban,C,3,,,Pah,,2013
1/15/2013,St. Louis,Missouri,38.6270025,-90.1994042,urban,C,0,,TRUE,Pah,,2013
1/15/2013,Hazard,Kentucky,37.24954,-83.1932284,,C,3,0,,Wikp,"Two people were killed and a third person was wounded at the parking lot of¬†Hazard Community and Technical College.[429]¬†The third victim, 12-year-old Taylor Cornett, died from her wounds the next day.[430]¬†21-year-old Dalton Lee Stidham, was arrested and charged with three counts of murder.",2013
1/16/2013,Chicago,Illinois,41.8781136,-87.6297982,urban,C,0,,TRUE,Pah,,2013
1/22/2013,Houston,Texas,29.7604267,-95.3698028,urban,C,0,,TRUE,Pah,,2013
1/31/2013,Phoenix,Arizona,33.4483771,-112.0740373,urban,HS,0,,,Pah,,2013
1/31/2013,Atlanta,Georgia,33.7489954,-84.3879824,urban,MS,0,,,Pah,,2013
1/31/2013,Phoenix,Arizona,33.4483771,-112.0740373,,HS,0,0,,Wikp,"An argument between two rival gangs escalated to what police described as a ""gun battle"" at¬†Cesar Chavez High School. Approximately fifteen shots were fired in the vicinity of people waiting to get into a scheduled boys' basketball game. No one was injured.[434]",2013
1/31/2013,Atlanta,Georgia,33.7489954,-84.3879824,,MS,0,2,,Wikp,"A 14-year-old male student was wounded at Price Middle School. The gunman, a 15-year-old student, was believed to be arguing with the other student before using a handgun to shoot him. A teacher was also wounded. Afterward, the gunman was disarmed by a school resource officer and arrested; police charged him with aggravated assault.[435][436]",2013
3/18/2013,Orlando,Florida,28.5383355,-81.3792365,urban,C,1,,TRUE,Pah,,2013
4/12/2013,Christiansburg,Virginia,37.1298517,-80.4089389,suburban,C,0,,,Pah,,2013
4/12/2013,Dublin,Virginia,37.1057,-80.6853,,C,0,2,,Wikp,"New River Community College shooting incident: Two women were wounded during a shooting at the campus of New River Community College. 18-year-old Neil Allen MacInnis, was taken into custody. In June 2014, he was sentenced to 38 years in prison.[438]",2013
4/16/2013,Grambling,Louisiana,32.5276503,-92.7140402,suburban,C,0,,TRUE,Pah,,2013
4/18/2013,Cambridge,Massachusetts,42.3736158,-71.1097335,urban,C,2,,TRUE,Pah,,2013
5/14/2013,Birmingham,Alabama,33.5206608,-86.80249,urban,MS,0,,TRUE,Pah,,2013
6/7/2013,Santa Monica,California,34.0194543,-118.4911912,urban,C,6,,TRUE,Pah,,2013
6/20/2013,West Palm Beach,Florida,26.7153424,-80.0533746,urban,HS,2,,,Pah,,2013
8/20/2013,Decatur,Georgia,33.7748275,-84.2963123,suburban,ES,0,,TRUE,Pah,,2013
8/23/2013,Sardis,Mississippi,34.4370511,-89.9159227,rural,HS,1,,TRUE,Pah,,2013
8/30/2013,Winston-Salem,North Carolina,36.0998596,-80.244216,urban,HS,0,,TRUE,Pah,,2013
10/4/2013,Pine Hills,Florida,28.5577794,-81.4534046,urban,HS,0,,TRUE,Pah,,2013
10/21/2013,Sparks,Nevada,39.5349112,-119.7526886,urban,MS,2,,TRUE,Pah,,2013
11/2/2013,Greensboro,North Carolina,36.0726354,-79.7919754,urban,C,0,,TRUE,Pah,,2013
11/3/2013,Lithonia,Georgia,33.7123305,-84.1051939,rural,HS,0,,TRUE,Pah,,2013
11/13/2013,Pittsburgh,Pennsylvania,40.4406248,-79.9958864,urban,HS,0,,TRUE,Pah,,2013
12/4/2013,Winter Garden,Florida,28.5652787,-81.5861847,suburban,HS,0,,TRUE,Pah,,2013
12/13/2013,Centennial,Colorado,39.5807452,-104.8771726,suburban,HS,2,,TRUE,Pah,,2013
12/19/2013,Fresno,California,36.7468422,-119.7725868,urban,HS,0,,TRUE,Pah,,2013
1/9/2014,Jackson,Tennessee,35.6145,-88.8139,,HS,0,1,,Wikp,A 16-year-old student was charged with bringing a gun to school at Liberty Technology Magnet High School and shooting a classmate in the thigh. The incident occurred outside the front of the school.[455],2014
1/13/2014,New Haven,Connecticut,41.3082,-72.9251,,HS,0,1,,Wikp,"A 14-year-old boy was shot outside of a basketball game at the Hillhouse High School athletic facility, suffering wounds in his hand and leg.[cite]",2014
1/14/2014,Roswell,New Mexico,33.3943,-104.523,,MS,0,3,,Wikp,"Two people were wounded inside the gymnasium of Berrendo Middle School, at about 8:10¬†a.m.. An 11-year-old boy and a 13-year-old girl were airlifted to a hospital in¬†Lubbock, Texas¬†in critical condition. The 12-year-old suspected shooter, Mason Campbell, a seventh grade student, was apprehended at the scene after he was talked down by a staff member and dropped the shotgun. A staff member received minor injuries. Campbell was charged with three counts of aggravated battery with a deadly weapon. He was sentenced to a maximum sentence of confinement in a juvenile detention facility until he is twenty one years old.[456]",2014
1/17/2014,Philadelphia,Pennsylvania,39.9525839,-75.1652215,,HS,0,2,,Wikp,"A student allegedly shot two other students in the gymnasium at Delaware Valley Charter School. Both victims, a male and a female, were shot in the arm. They were taken to a nearby hospital and are in stable condition, police say. Police Commissioner Charles Ramsey said at a news conference that the shooter ran out of the school after the shooting but was taken into custody near his home. 17-year-old Raisheem Rochwell was arrested and charged as an adult for aggravated assault, recklessly endangering another person and firearms offenses. Rochwell was sentenced to two years of juvenile detention.[457]",2014
1/20/2014,Chester,Pennsylvania,39.8496,-75.3557,,C,0,1,,Wikp,One person was critically injured at¬†Widener University. The incident occurred around 10¬†p.m. outside the university sport‚Äôs complex and led to an 8-hour university lock-down. The suspect was not immediately found.[458],2014
1/21/2014,West Lafayette,Indiana,40.4258686,-86.9080655,,C,1,0,,Wikp,"A 21-year-old student, Andrew Boldt, was killed in a classroom building on the campus of¬†Purdue University. 24-year-old student Cody Cousins was found guilty of the murder and was sentenced to sixty-five years of prison. In October 2014, Cousins committed suicide in his cell.[459]",2014
1/24/2014,Orangeburg,South Carolina,33.4918,-80.8556,,C,1,0,,Wikp,A 20-year-old student was killed at¬†South Carolina State University. A 19-year-old was arrested and charged with murder.[460],2014
1/25/2014,Los Angeles,California,34.0522342,-118.2436849,,C,1,0,,Wikp,A man was killed at¬†Los Angeles Valley College. Two suspects were arrested in the fatal shooting.[461],2014
1/27/2014,Carbondale,Illinois,37.7275,-89.2167,,HS,0,1,,Wikp,A group of students at Rebound High School got in an argument in the school's parking lot. One student pulled out a gun and shot another student in the ensuing altercation. An 18-year-old suspect is facing charges of attempted murder.[462],2014
1/28/2014,Nashville,Tennessee,36.1626638,-86.7816016,,C,0,1,,Wikp,One student was shot in the leg in an apparent altercation over a gambling debt at¬†Tennessee State University.[463],2014
1/30/2014,Palm Bay,Florida,28.0332,-80.643,,C,0,1,,Wikp,Three students were fighting in a parking lot of¬†Eastern Florida State College¬†and one pulled out a gun and shot another of the students. All three students claimed self-defense.[464],2014
1/31/2014,Des Moines,Iowa,41.5911,-93.6037,,HS,0,1,,Wikp,"After a basketball game at¬†North High School, there was gunfire in a parking lot of the school. Six males in a black jeep had come moments before the shooting and returned at the time it happened. A 15-year-old girl was injured by a ricocheting bullet. While officers were gaining control of the area, teachers on the scene led students into the school building for safety.[465]",2014
2/10/2014,Salisbury,North Carolina,35.671,-80.4742,,HS,0,1,,Wikp,"A 16-year-old student was shot in the stomach on the campus of¬†Salisbury High School¬†during a dispute in the school gym. 17-year-old suspect was charged with assault with a deadly weapon with intent to kill inflicting serious injury, possession of a firearm on school property and discharging a weapon on school property.[466]",2014
2/10/2014,Lyndhurst,Ohio,41.5201,-81.4887,,HS,0,0,,Wikp,"Five shots were fired in the parking lot of¬†Charles F. Brush High School, including one which hit an unoccupied police car. No one was reported to be injured, though a school basketball game was going on at the time.[467]",2014
2/12/2014,Los Angeles,California,34.0522342,-118.2436849,,C,0,1,,Wikp,A male victim was shot in the back in a possible gang-related drive-by shooting near the¬†University of Southern California. The suspect fled into the University Campus. The victim was last reported in stable condition before being transported to a local hospital.[468],2014
2/22/2014,Augusta,Georgia,33.471,-81.9748,,C,0,1,,Wikp,"A shooting involving a campus police officer occurred at a¬†Georgia Regents University¬†dormitory complex. A male suspect entered a vehicle and nearly struck an officer, who opened fire. The suspect was taken to Georgia Regents Medical Center with injuries that were not believed to be critical.[469]",2014
3/12/2014,Miami,Florida,25.7616798,-80.1917902,,ES,1,0,,Wikp,An elementary school teacher was killed outside The Academy of Knowledge Preschool by her husband.,2014
3/25/2014,College Park,Georgia,33.6033,-84.47157,,HS,0,0,,Wikp,"An argument between students led to shots being fired in a¬†Benjamin Banneker High Schoolparking lot during the afternoon. Investigators believe multiple people were present when shots were fired, but it was not known how many could face charges for the incident. No one was injured in the shooting.[470]",2014
4/9/2014,Greenville,North Carolina,35.6127,-77.3664,,HS,0,0,,Wikp,"Just after the lunch hour, at D. H. Conley High School, a car drove past the school and witnesses said an occupant reached out of a car window and fired shots in the direction of the school. This incident occurred on Worthington and Tull Roads, directly in front of the school. No one was injured.[471]",2014
4/11/2014,Detroit,Michigan,42.331427,-83.0457538,,HS,1,0,,Wikp,"After a Friday evening student awards ceremony called ""Grammy Night"", four men who were affiliated with a gang fired into a crowd in the parking lot of¬†East English Village Preparatory Academy. One 19-year-old, Darryl Smith, was fatally shot in the head. Smith was not a student at the academy.[472]",2014
5/4/2014,Augusta,Georgia,33.471,-81.9748,,C,0,1,,Wikp,"Two men fired shots inside a dormitory at Paine College on Sunday, injuring one student in the head. Neither of the suspects were students at the college.[473]",2014
5/5/2014,Augusta,Georgia,33.471,-81.9748,,C,0,1,,Wikp,An active shooter situation was reported at Paine College on Monday with one person reported to be shot. The suspect was apparently apprehended and in custody. It was the second shooting incident to occur at the college campus in two days.[474],2014
5/8/2014,Lawrenceville,Georgia,33.9562,-83.988,,C,0,1,,Wikp,"A person was shot on a student parking lot roof at Georgia Gwinnett College, receiving an injury. The specific cause has not been identified.[475]",2014
5/14/2014,Richmond,California,37.9358,-122.3477,,HS,0,1,,Wikp,A 14-year-old student was injured during a drive-by shooting in front of¬†John F. Kennedy High School¬†at 8:30¬†a.m.. He was shot as he was running towards the school campus after a fight took place. The student suffered a serious but stable injury to his leg. Police are searching for a suspect.[476],2014
6/5/2014,Seattle,Washington,47.6062095,-122.3320708,,C,1,2,,Wikp,"19-year-old students, Paul Lee and Sarah Williams, and 24-year-old student, Thomas Fowler, were shot inside a hallway of Otto Miller Hall at¬†Seattle Pacific University.[477]¬†Freshman Lee was rushed to¬†Harborview Medical Center¬†but later died. The shooter was subdued with pepper spray and tackled to the ground by student building monitor, Jon Meis, as he paused to reload his shotgun. 26-year-old Aaron Rey Ybarra was arrested at the scene and has been charged with premeditated and attempted murder.[478]",2014
6/10/2014,Troutdale,Oregon,45.5318,-122.3912,,HS,2,1,,Wikp,"At around 8:30¬†a.m. shots were fired at¬†Reynolds High School. 14-year-old freshman Emilio Hoffman was killed, a physical education teacher was injured, and the gunman, 15-year-old Jared Padgett, exchanged gunfire with police officers and then committed suicide in a restroom stall.[408][479]",2014
9/9/2014,Miami,Florida,25.7616798,-80.1917902,,-,0,1,,Wikp,"Towards the end of the school day, one alternative school student in Miami was shot as a small group of students tussled. The injury was minor, requiring hospitalization, and five young adults were later questioned.[480]",2014
9/27/2014,Terre Haute,Indiana,39.4667,-87.4139,,C,0,1,,Wikp,"A 20-year-old¬†Indiana State University¬†student was shot by another student on Saturday inside a residence hall. The injuries were not fatal, and a full recovery was expected. The shooter was arrested on the following day.[481]",2014
9/30/2014,Albemarle,North Carolina,35.3501,-80.2001,,HS,0,1,,Wikp,"Two students got in an argument at¬†Albemarle High School¬†around 7:30¬†a.m. on Tuesday, and one of the students shot the other twice including once in the leg. The student who committed the shooting was allegedly involved in a stabbing of a football player last year at West Montgomery High School, which is only 20 miles (32¬†km) away in Mount Gilead, North Carolina. The school had held an active shooter training over the summer, which prepared the school for this incident.[482]",2014
9/30/2014,Louisville,Kentucky,38.2542,-85.7594,,HS,0,1,,Wikp,"One student was injured at¬†Fern Creek Traditional High School. The incident occurred around 1¬†p.m., reportedly after student became enraged in a hallway and pulled out a gun. The student was arrested later that day.[483]",2014
10/3/2014,Fairburn,Georgia,33.5671,-84.581,,HS,1,0,,Wikp,"After a homecoming football game, a fatal shooting of 17-year-old Kristofer Hunter, occurred in the Langston Hughes High School parking lot. The assailant, 18-year-old Eric Dana Johnson Jr., turned himself in a week later.[484]",2014
10/24/2014,Marysville,Washington,48.0627,-122.1633,,HS,5,1,,Wikp,"Marysville Pilchuck High School shooting. 15-year-old freshman, Jaylen Fryberg, shot five students in the school cafeteria of¬†Marysville Pilchuck High School, fatally wounding four, before committing suicide.[408][485]",2014
11/20/2014,Tallahassee,Florida,30.4381,-84.2809,,C,1,3,,Wikp,"At around 12:40¬†a.m. EST, a gunman opened fired in or near the Strozier Library at¬†Florida State University. Three people suffered gunshot injuries and were taken to a local area hospital. One was in critical condition, another was in good condition, and the third was shortly released after treatment. The gunman, later identified as Myron May, an alumnus from the school, started firing towards responding police officers and was fatally shot by them on the steps of the library.[486]",2014
11/20/2014,Miami,Florida,25.7616798,-80.1917902,,HS,1,1,,Wikp,Two teens were shot during a fight at¬†Miami Carol City High School. One of the boys died.[487],2014
12/5/2014,Claremore,Oklahoma,36.3126,-95.6159,,C,1,0,,Wikp,"38-year-old Thomas Floyd Fees, a former Tulsa police officer, fired two gunshots within the campus of¬†Rogers State University¬†during an attempt to enter a university building, before committing suicide. He had previously been arrested the day before for entering a female student's dormitory room with observable intent to commit a sexual assault.[488]",2014
12/12/2014,Portland,Oregon,45.5230622,-122.6764815,,HS,0,4,,Wikp,"Rosemary Anderson High School shooting: A gunman shot three students and a man outside Rosemary Anderson High School in north Portland. A 16-year-old girl was in critical condition, while the others suffered minor injuries. Two men, aged eighteen and twenty-two, were arrested in connection with the shooting.[489]",2014
1/15/2015,Milwaukee,Wisconsin,43.0115,-87.9735,,HS,0,3,,Wikp,"A 15-year-old boy, a student's father, and a teacher were each injured in the school parking lot at¬†Wisconsin Lutheran High School. The student had unspecified injuries that were treated. The father was shot in the knee and the teacher was grazed in the toe. A 36-year-old man was charged in the shooting.[490]",2015
1/16/2015,Ocala,Florida,29.1872,-82.1401,,-,0,2,,Wikp,"Two were injured in gunfire that occurred after a Friday night basketball game. One was injured directly by a bullet, the other by ricocheting glass.[491]",2015
2/4/2015,Frederick,Maryland,39.4144,-77.4106,,HS,0,2,,Wikp,"Two students were shot near the gymnasium of¬†Frederick High School¬†during a junior varsity (JV) boys' basketball game. Approximately two hundred students, staff, and faculty were placed on lockdown for several hours after the shooting while police searched for the suspects. No suspects have been apprehended, although witnesses report seeing four black males dressed all in black who are considered by police to be suspects in this shooting.[492]",2015
2/14/2015,Merced,California,37.303,-120.4843,,MS,1,0,,Wikp,A teenager was found killed in the parking lot of Tenaya Middle School. The shooting was reported to have occurred after school hours.[493],2015
2/23/2015,Daytona Beach,Florida,29.2108,-81.0228,,C,0,3,,Wikp,"Two students argued outside the music building at¬†Bethune-Cookman University¬†when one pulled out a gun. Both had guns and it is not disclosed who did the shooting, injuring three students. A reward was offered to help solve this case.[494]",2015
3/30/2015,University City,Missouri,38.67591,-90.35571,,ES,0,1,,Wikp,"Police said one person has been arrested for a shooting at Pershing Elementary School. The shooting occurred in the parking lot, with a 34-year-old-man being shot in the buttocks.[495]",2015
4/13/2015,Goldsboro,North Carolina,35.3849,-77.9928,,C,1,0,,Wikp,"A faculty member was killed with a rifle in the school library of¬†Wayne Community College. The suspected 20-year-old gunman, Kenneth Stancil, was arrested in Florida the next day. As of January 2017, Stancil, an admitted Neo-Nazi is being investigated for a hate crime.[496]",2015
4/16/2015,Paradis,Louisiana,29.8797,-90.434,,MS,0,1,,Wikp,"A police officer was shot outside a school in a school zone while he was directing school buses into J.B. Martin Middle School, and the suspect was apprehended at the scene.[497]",2015
4/27/2015,Lacey,Washington,47.0264,-122.8072,,HS,0,0,,Wikp,"A 15-year-old student at¬†North Thurston High School¬†walked into the commons area and fired two shots into the ceiling from a .357 magnum pistol. Brady Olson, a teacher at the school, was able to tackle the student before they could turn the gun on other students. No one was injured or killed. The student is facing charges of firing and possessing a gun on school property.[498]",2015
5/12/2015,Jacksonville,Florida,30.3321838,-81.655651,,HS,0,2,,Wikp,"Police report that a 16-year-old shot five bullets into a school bus and injured two students. Apparently, there was an argument that touched on previous events.[499]",2015
5/24/2015,Flint,Michigan,43.0125274,-83.6874562,,HS,0,7,,Wikp,"In the early morning hours of Memorial Day weekend, a group of people were at Southwestern Classical Academy in the parking lot. Shots rang out and seven were injured, with two men being apprehended and charged.[500]",2015
8/27/2015,Savannah,Georgia,32.0835407,-81.0998342,,C,1,0,,Wikp,22-year-old student Christopher Starks was fatally shot in a student union building at¬†Savannah State University. The shooter has not been identified.[501],2015
9/3/2015,Sacramento,California,38.5815719,-121.4943996,,C,1,2,,Wikp,"A man was arguing with at least one other person escalated into a physical fight on the parking lot of¬†Sacramento City College. A man opened fire, killing a 25-year-old student and wounding two others. The shooting suspect has not been arrested.[502]",2015
9/14/2015,Cleveland,Mississippi,33.744,-90.7248,,C,2,0,,Wikp,A geography professor at Delta State University fatally shot a fellow history professor. The geography professor was chased by police and eventually died of a self-inflicted gunshot wound.[503],2015
9/30/2015,Harrisburg,South Dakota,43.4314,-96.6973,,HS,0,1,,Wikp,"A principal was shot in the arm and wounded at Harrisburg High School after an argument with a student. The suspect, a 16-year-old student at the school, was taken into custody and is charged with first-degree attempted murder.[504]",2015
10/1/2015,Roseburg,Oregon,43.216505,-123.3417381,,C,10,9,,Wikp,"Umpqua Community College shooting: At around 10:40¬†a.m. PDT, a gunman, identified as 26-year-old student Christopher Harper-Mercer, opened fire in a hall on the¬†Umpqua Community Collegecampus, killing eight students and one teacher, and injuring nine others. Mercer then committed suicide after engaging responding police officers in a brief gunfight.[505]",2015
10/9/2015,Flagstaff,Arizona,35.1995,-111.6514,,C,1,3,,Wikp,"One student died and three others were wounded in a shooting at¬†Northern Arizona University. It is unclear what sparked the shooting, which took place near Mountain View Hall, a dormitory that houses most of the campus' students involved in Greek organizations. An 18-year-old student was arrested and charged with murder and aggravated assault.[506]",2015
10/9/2015,Houston,Texas,29.7604267,-95.3698028,,C,1,1,,Wikp,One person died and another person was injured after someone opened fire outside a¬†Texas Southern University¬†dorm.[507],2015
10/22/2015,Nashville,Tennessee,36.1626638,-86.7816016,,C,1,3,,Wikp,One person was killed and three others were wounded in a shooting at an outdoor courtyard at¬†Tennessee State University. The shooting may have stemmed from an argument over a dice game. A suspect has not been identified or arrested.[508],2015
11/1/2015,Winston-Salem,North Carolina,36.0998596,-80.244216,,C,1,1,,Wikp,One person died and another person was injured after someone opened fire on the campus of¬†Winston-Salem State University. A 21-year-old non-student suspect is sought.[509],2015
11/20/2015,North Las Vegas,Nevada,36.2008,-115.1121,,HS,1,0,,Wikp,A 16-year-old student was fatally shot during a fight after school hours that involved multiple people on the campus of¬†Mojave High School.[510],2015
1/22/2016,Indianapolis,Indiana,39.768403,-86.158068,,HS,0,1,,Wikp,A 15-year-old male was shot in the leg and injured during a night-time basketball game at¬†Lawrence Central High School.[511],2016
1/29/2016,Philadelphia,Pennsylvania,39.9525839,-75.1652215,,HS,0,0,,Wikp,"A gunshot was fired during a fight in a stairwell at¬†Franklin High School, and no injuries were reported. Three people were detained.[512]",2016
2/9/2016,Muskegon Heights,Michigan,43.2011,-86.2389,,HS,0,4,,Wikp,"Four people, including two students, were injured during a basketball game event in the parking lot of¬†Muskegon Heights High School.[513]",2016
2/12/2016,Glendale,Arizona,33.539,-112.1858,,HS,2,0,,Wikp,Two 15-year-old girls died in an apparent¬†Murder-Suicide¬†at¬†Independence High School.[514],2016
2/29/2016,Middletown,Ohio,39.5151,-84.3983,,HS,0,4,,Wikp,"15-year-old Cameron Smith, and 14-year-old Cooper Caffrey, were shot when 14-year-old James Austin Hancock, opened fire in the¬†Madison High School¬†cafeteria with a .380 caliber handgun. 15-year-old Brant Murray, and 14-year-old Katherine Douchette, also suffered shrapnel injuries.[515]Hancock was apprehended in a nearby wooded field.[516]",2016
4/23/2016,Antigo,Wisconsin,45.1402,-89.1523,,HS,1,2,,Wikp,"Two students at a prom at¬†Antigo High School¬†were shot and injured by 18-year-old former student Jakob Wagner. Wagner later exchanged fire with a school resource officer in the school's parking lot, and was captured after being shot and wounded by police. He died hours later in a hospital.",2016
6/1/2016,Los Angeles,California,34.0522342,-118.2436849,,C,2,0,,Wikp,"2016 UCLA shooting. Mainak Sarkar, age 38, a Ph.D. student, killed his former professor, William S. Klug, age 39, a professor of mechanical and aerospace engineering, in an engineering building at¬†UCLA. Sarkar then killed himself. Sarkar, who lived in¬†Minnesota, also killed his former wife, Ashley Hasti, age 31, in her¬†Brooklyn Park, Minnesota¬†home.[517][518]",2016
6/8/2016,Dorchester,Massachusetts,42.31,-71.08,,HS,1,3,,Wikp,One student was killed and three other individuals were injured when gunfire erupted outside of the Jeremiah Burke High School following a fire-alarm causing an evacuation of the school. Two suspects have been arrested.[519],2016
9/6/2016,Cedar Rapids,Iowa,41.9759,-91.6704,,HS,1,0,,Wikp,A 15 year-old male student shot himself at¬†Jefferson High School[520]. He died at a local hospital several days later[521].,2016
9/9/2016,Alpine,Texas,30.3574,-103.6609,,HS,1,2,,Wikp,A 14-year-old female student shot a 16-year-old girl in an¬†Alpine High School¬†restroom before committing suicide. A police officer accidentally shot another officer during the incident.,2016
9/28/2016,Townville,South Carolina,34.5637,-82.8985,,ES,2,2,,Wikp,"Townville Elementary School shooting: Two students and one teacher were wounded after a teen opened fire at Townville Elementary School. The suspect's father was found dead at his home soon after the shooting. One of the victims, six-year-old Jacob Hall, died 3 days after the shooting.[522][523]",2016
10/11/2016,Mobile,Alabama,30.6953657,-88.0398912,,HS,0,1,,Wikp,"A student was shot in the abdomen and wounded at¬†Vigor High School. The suspect, a 16-year-old boy, turned himself in and was charged with assault.[524]",2016
10/13/2016,Columbus,Ohio,39.9611755,-82.9987942,,HS,0,2,,Wikp,"Two students were shot and wounded on the front lawn of Linden McKinley STEM Academy. One was shot in the shoulder, and the other shot in the chest, and were hospitalized in stable condition.[525]",2016
10/18/2016,San Francisco,California,37.7749295,-122.4194155,,HS,0,4,,Wikp,"Four students were shot outside June Jordan High School for Equity, a San Francisco public high school. One female victim was in critical condition, while three male victims suffered minor injuries. .[526]¬†Two people were arrested in the shooting.[527]",2016
10/25/2016,Sandy,Utah,40.5749,-111.848,,MS,0,1,,Wikp,Police say the two teens ages 14 and 16 were involved in a confrontation on the far north end of Union Middle School. The boys got into an argument. The argument lead to a shooting. The 14 year old shot the 16 year old twice. He was sent to the hospital in critical but stable condition.[528],2016
12/1/2016,Bountiful,Utah,40.8895,-111.8805,,MS,0,0,,Wikp,"At¬†Mueller Park Junior High School, a 15-year-old student fired one shot into the ceiling and then pointed the weapon at his own neck. The student was confronted verbally by a teacher and another student and later arrested in possession of a shotgun, a handgun, and ammunition for each.[529]",2016
1/20/2017,West Liberty,Ohio,40.2523,-83.7558,,HS,0,1,,Wikp,"A 17-year-old student was charged with attempted murder and other crimes after bringing a gun to¬†West Liberty-Salem High School¬†and firing two shots at 17-year-old student in a bathroom with a shotgun. The victim was injured. The student was ""also is accused of discharging the weapon in the school‚Äôs hallway before returning to the bathroom, where he was eventually taken into custody.""[530]",2017
1/20/2017,Seattle,Washington,47.6062095,-122.3320708,,C,0,1,,Wikp,A 34-year-old man was shot in¬†Red Square¬†at¬†University of Washington¬†while protesting the visit of controversial journalist¬†Milo Yiannopoulos. The shooter turned himself in to the university police and later questioned and released without being charged with a crime.[531],2017
3/21/2017,King City,California,36.2127,-121.126,,HS,0,1,,Wikp,"An 18-year-old¬†King City High School¬†student was shot outside the school's auditorium. The gunman ran across the school's campus and baseball field, and fled the area. The school was then placed on lockdown. The victim was hospitalized with life-threatening injuries.[532]¬†A suspect was arrested in August 2017.[533]",2017
4/10/2017,San Bernardino,California,34.1083449,-117.2897652,,ES,3,1,,Wikp,"North Park Elementary School shooting: Cedric Anderson, age 53, of¬†Riverside, California, died of a¬†self-inflicted gunshot wound¬†after shooting and killing his estranged wife, Karen Elaine Smith, age 53, in a classroom. An eight-year-old student was also fatally shot, and a seven-year-old student was injured.[534]",2017
5/4/2017,Irving,Texas,32.8140177,-96.9488945,,C,2,0,,Wikp,"North Lake College: Adrian Victor Torres killed a 20-year-old student, Janeera Nickol Gonzalez, whom he was stalking. He fatally shot her three times and the college went into lockdown before discovering that the suspect has died from a¬†self-inflicted gunshot wound.[535]",2017
9/13/2017,Rockford,Washington,47.4521,-117.1307,,HS,1,3,,Wikp,"Freeman High School: Three students injured and one killed after a shooter opened fire. The suspect, a 15-year-old student, was taken into police custody.[536]",2017
9/20/2017,Mattoon,Illinois,39.4843,-88.3773,,HS,0,1,,Wikp,"Mattoon High School: A 14-year-old male student was subdued by a female teacher when he attempted to open fire in the school cafeteria at 11:33 a.m. Multiple shots were fired in the process, and one student was struck in the chest and was driven to a nearby hospital suffering non-life-threatening wounds. The student was taken into custody without further incident.[537][538]",2017
11/14/2017,Rancho Tehama Reserve,California,40.0165829,-122.4126517,,ES,6,18,,Wikp,"Rancho Tehama Reserve shootings: Neighbor on a rampage injured one student at Rancho Tehama Elementary School and fatally shot five adults at several locations.[539]¬†The secretary heard the gunfire near the school and ordered the school to go on lockdown. After a custodian and the teachers put it into action, 43 year-old Kevin Neal rammed a truck into the gate of the school and fired at the classrooms hitting one student when a bullet pierced the wall. Neal fatally shot himself after sheriff's deputies rammed his vehicle during a pursuit.[539][540]",2017
12/7/2017,Aztec,New Mexico,36.8221,-107.9929,,HS,3,0,,Wikp,"Aztec High School shooting: William Atchison, 21-year-old former male student snuck into Aztec High School disguised as a student and hid in an unlocked washroom with a¬†Glock 9mm¬†hidden in his bag. He retreated from the washroom after being spotted by a school custodian who chased him shouting ""active shooter"" and ""lockdown"". Atchinson was able to shoot and kill two students who were caught in the hallway before he killed himself.[541][542]¬†He had been investigated in 2016 by the¬†FBI¬†when he asked ""where to find cheap assault rifles for a mass shooting"" on an online forum.[543][544]",2017
1/9/2018,Forest City,Iowa,43.2625,-93.6372,,-,0,0,,Wikp,"A man shot a¬†pellet gun¬†at a school bus full of children, shattering a window. No one was injured.[545]",2018
1/20/2018,Winston-Salem,North Carolina,36.0998596,-80.244216,,C,1,0,,Wikp,A student was fatally shot on the campus of¬†Wake Forest University.[545],2018
1/22/2018,Italy,Texas,32.184,-96.8847,,HS,0,1,,Wikp,A 16-year-old male student fired at a 15-year-old classmate in the cafeteria of¬†Italy High School. The gunman left the school immediately after opening fire.[546][547][548],2018
1/22/2018,New Orleans,Louisiana,29.9510658,-90.0715323,,HS,0,1,,Wikp,"Shots were fired from a truck in the parking lot of NET Charter High School, targeting a crowd of students during lunch time. One student was slightly injured, apparently from injuries unrelated to gunfire. One person was arrested in connection with the shooting.[545]",2018
1/23/2018,Marshall County,Kentucky,36.86742,-88.36947,,HS,2,18,,Wikp,"Marshall County High School shooting: A 15-year-old male student shot 16 people in the lobby at Marshall County High School and caused non-gunshot injuries to 4 others. Two 15-year-old students died: one killed at the scene, another died of wounds at¬†Vanderbilt Medical Center.[549][550][551]",2018
2/1/2018,Los Angeles,California,34.0522342,-118.2436849,,MS,0,5,,Wikp,"Two 15-year-old students, a boy and a girl, were shot and injured inside a classroom at Sal Castro Middle School, which shares a campus with¬†Belmont High School. Three other people suffered injuries unrelated to gunfire. A 12-year-old girl was arrested and put in custody.[552]",2018
2/14/2018,Parkland,Florida,26.3101,-80.2373,,HS,17,14,,Wikp,Marjory Stoneman Douglas High School shooting: A 19-year-old former student who had been expelled began shooting after pulling a¬†fire alarm.[553],2018
3/2/2018,Mount Pleasant,Michigan,43.5976,-84.7668,,C,2,0,,Wikp,Central Michigan University shooting: Two people shot dead over a domestic dispute.,2018
3/7/2018,Birmingham,Alabama,33.5206608,-86.80249,,HS,1,2,,Wikp,"Huffman High School.  Law enforcement originally labeled the shooting as ""accidental"".",2018
3/14/2018,Birmingham,Alabama,33.5206608,-86.80249,,C,2,1,,Wikp,"UAB: A disgruntled employee entered the UAB Highlands Hospital on the campus of the University of Alabama at Birmingham and shot two hospital employees, fatally wounding one, on the second floor. The perpetrator then shot and fatally wounded himself. ",2018
3/20/2018,Great Mills,Maryland,38.2368,-76.4972,,HS,2,1,,Wikp,"Great Mills High School: School placed on lockdown after a shooting occurred in the morning. A 17-year-old male student, armed with a handgun, shot and fatally injured a female student (with whom he had a prior relationship) and wounded a male student. The student shot himself in the head, fatally, while the school resource officer simultaneously shot at him.",2018
4/20/2018,Ocala,Florida,29.1872,-82.1401,,HS,0,1,,Wikp,Forest High School:¬†School evacuated after shooting occurred shortly before a national school walkout for gun control measures.,2018
5/11/2018,Palmdale,California,34.5793,-118.1171,,HS,0,1,,Wikp,"Highland High School: A 14-year-old former student allegedly fired a semi-automatic rifle shortly before classes were to begin. A 15-year-old was struck in the shoulder but went into surgery and was expected to recover fully. The suspect ditched the gun in a field and was arrested nearby, and faces a charge of attempted murder.",2018
5/16/2018,Dixon,Texas,36.2749953,-103.041203,,HS,0,1,,Wikp,"Dixon High School: A 19-year-old student recently kicked off football team allegedly fired shots prior to graduation rehearsal. A school resource officer shot the suspect, who suffered non-life threatening injuries.",2018
5/18/2018,Santa Fe,Texas,29.378,-95.1058,,HS,10,10,,Wikp,Santa Fe High School shooting: School was evacuated when fire alarms pulled at 7:45 am after students said they had heard gunshots. Shooter had a shotgun and .38 revolver. Multiple IEDs and pipe bombs were also found around the school.,2018
5/18/2018,Jonesboro,Georgia,33.5215,-84.3538,,HS,1,3,,Wikp,Mount Zion High School: An argument led to a shooting in a parking lot after a high school graduation ceremony for graduates of Perry Learning Center. Mount Zion High School provided overflow parking for people attending the ceremony.,2018
5/25/2018,Nobelsville,Indiana,40.0456,-86.0086,,MS,0,2,,Wikp,"Noblesville West Middle School shooting: Two people were shot and injured in a shooting at Noblesville West Middle School in¬†Noblesville, Indiana. The shooter is an unnamed middle school student who exited his science classroom and entered with a gun. When he returned, he shot a female student and the science teacher, identified as Jason Seamen. Seamen was shot in the abdomen, hip, and forearm. The gun was wrestled away by Seamen after both he and the female student were shot.",2018
8/17/2018,Wellington,Florida,26.6587,-80.2414,,HS,0,2,,Wikp,"Two people were shot and injured at a football game in Palm Beach Central High School in Wellington, Florida.",2018
8/30/2018,San Francisco,California,37.7749295,-122.4194155,,HS,0,1,,Wikp,"One student was injured when two students were joking around about guns, and one student discharged a firearm at Balboa High School (California) in San Francisco, California. 4 students were arrested in this incident, and 2 were allowed to go back to school. The school was on lockdown along with three other schools in the area for two hours. ",2018
9/5/2018,Providence,Rhode Island,41.824,-71.4128,,HS,1,1,,Wikp,"William Parsons, a 15-year-old student at Central High School, was shot and killed outside Providence Career and Technical Academy in Providence, Rhode Island. Police said that two young men got into an altercation and shots were fired, hitting the victim, who was uninvolved. The 16-year-old suspect accidentally shot and injured himself while trying to get away, under a mile from the scene.",2018
9/10/2018,Memphis,Tennessee,35.1495343,-90.0489801,,HS,0,1,,Wikp,A teen girl was injured after shots were fired into school bus full of students attending Fairley High School.,2018
9/11/2018,Las Vegas,Nevada,36.1699412,-115.1398296,,HS,1,0,,Wikp,A 18 year old student was shot at Canyon Springs High Schoolby the baseball field and later died of his injuries at a hospital.,2018
10/29/2018,Matthews,North Carolina,35.1168,-80.7237,,HS,1,1,,Wikp,"A David W. Butler High School freshman, 16 year old Jatwan Craig Cuffie, fatally shot sophomore Bobby McKeithen. Cuffie is in custody and charged with first-degree murder",2018
12/13/2018,Richmond,Indiana,39.8287,-84.8899,,MS,1,0,,Wikp,"A 14-year-old male attempted a shooting on Dennis Intermediate School. Informed of his intentions by his own mother, police arrived just before he was able to begin his attack. He was cornered in one of the school's stairwells and died by a self-inflicted gunshot wound.",2018
1/25/2019,Mobile,Alabama,30.6953657,-88.0398912,,HS,0,2,,Wikp,"Two males were wounded after basketball game at Davidson High School, but between Blount High School and Murphy High School, the 15-year old suspect fled the scene before law enforcement arrived and was not arrested until February 8 (making him the first school shooter to ever go over 24 hours without being caught). His mother was arrested for harboring a fugitve",2019
2/8/2019,Baltimore,Maryland,39.2903848,-76.6121893,,HS,0,1,,Wikp,"A 25-year-old was confronted by an adult staff member of Frederick Douglas High School, as to his purpose on being on school grounds, in response the gunman shot and injured the staff member",2019
2/12/2019,Kansas City,Missouri,39.0997265,-94.5785667,,HS,1,0,,Wikp,"During a basketball game at the Central Academy for Excellence, an argument between two groups led to the groups being escorted out in a staggered fashion. However, as the second group was being escorted out 15-year old Anjanique Wright in the group was shot and later pronounced dead at the hospital",2019
2/14/2019,Rio Rancho,New Mexico,35.2334,-106.6645,,HS,0,0,,Wikp,A 16-year-old student at V. Sue Cleveland High School discharged a handgun inside the school before classes started and was arrested off school grounds,2019
